{"flutter":{"platforms":{"android":{"default":{"projectId":"goride-1a752","appId":"1:367217860626:android:5787bba7d563a0a7cfb8cb","fileOutput":"android/app/google-services.json"}},"ios":{"default":{"projectId":"goride-1a752","appId":"1:367217860626:ios:cae27c065f5f2724cfb8cb","uploadDebugSymbols":false,"fileOutput":"ios/Runner/GoogleService-Info.plist"}},"dart":{"lib/firebase_options.dart":{"projectId":"goride-1a752","configurations":{"android":"1:367217860626:android:5787bba7d563a0a7cfb8cb","ios":"1:367217860626:ios:cae27c065f5f2724cfb8cb"}}}}}}